"","x"
"2154613642",0
"1832751096",0
"2043338016",0
"159610316",0
"1979876342",0
"2527611484",0
"2100308201",0
"2940493083",0
"2492806152",0
"2126135973",0
"2038762803",0
"2073631992",2795.99814255637
"1531155176",19757.4326119289
"2074453466",8688.2499639301
"2112199944",0
"2109451195",4
"134769616",35045.9164970344
"2117656073",0
"2162740804",18976.1731696499
"2137603918",2.66666666666667
"2148022289",27841.1523045008
"2168176072",61815.2999298032
"2051284938",0
"700636827",0
"2112820747",0
"2124912249",0
"2781013714",35457
"2130456104",88807.4492314119
"2080686788",0
"2443967568",39.5666666666667
"1991626505",0
"284171264",5
"2169305403",47479.0436981441
"2492472387",0
"2637284424",0
"2147379936",0
"2357338500",0
"1994714417",0
"2608064261",0
"563069026",13063.1502433239
"2470130636",0
"2686305946",0
"2092672596",11909
"2168470652",0
"2119641056",0
"2003447161",5109
"2104641164",1705
"2181724469",0
"2150814284",12328.4896555376
"2302610210",0
"2121337661",0
"2122775887",8
"2101964938",5109.5
"2286931549",0.5
"318894673",0
"2029583323",0
"2053214915",15291
"2511882603",0
"2167697970",0
"2344754685",0
"2003540582",2
"179778838",27522.5063460546
"2286740510",0.333333333333333
"2268535001",0.333333333333333
"2589362712",20.3333333333333
"409595830",0
"2191276622",0
"1993323803",0
"2170869525",0
"2051956577",10720.7386363636
"199276077",0
"2153839941",0
"2608526869",0
"2128278920",0
"2156064824",0
"1981682595",0
"2015750436",16
"2020844714",0
"2125896688",2
"126231427",0
"2015947465",0
"2151182894",0
"2012736320",153643.327636844
"1354816936",35908.7865528478
"2603014296",0
"2139423477",16548.7758055582
"2216252091",6074.98379007359
"327757988",6880.72688077954
"2619985137",9947.1026177996
"2791575804",0
"2614350313",27000.7436511874
"2546038995",0
"2470827293",0
"2047740876",0
"2152206228",3408
"2936186189",0
"2131244912",0
"2390296501",0
"2063101841",0
"2149260822",0
"421791603",0
"2778071696",0
"2159889819",0
"2155535925",0
"2120617359",4681.4184953935
"2215287472",44368.8415232054
"156417696",49038.9433624048
"2122006335",0
"130200899",193.097222222222
"278554428",0
"158093896",8
"280853906",0
"340297912",0
"2117928922",0
"1208873481",0
"2037010747",8756.26714981228
"2402050362",6808
"2100767082",27090
"2091041614",0
"669381866",0
"2531436365",0
"2304314937",6
"2138736700",30
"127037394",0
"2116155808",0
"102660889",5111
"161269817",36377.5655908505
"2142724104",1896.0187052435
"2151859571",2658.27387497716
"2689483121",0
"2137326150",15
"2133066616",0
"2080344424",1526.38491415332
"2016539005",85887.4388084117
"2396073053",646.759715232047
"168172700",29699.9659119427
"1977649925",25174.2268150791
"2141756282",0
"2199956820",0
"85581826",0
"344142627",14
"2662230710",0
"348660260",0
"2095384132",6
"2120464764",9.5
"2487798243",0
"188755819",0
"2161482269",0
"2650927445",0
"440525932",0
"2126649723",0
"5273470",0
"1910123730",0
"1976640904",34989.4517165014
"2101922781",45610.3024209336
"2136117749",0
"2632800540",0
"1980701853",27656.0420689071
"2134498512",0
"1572478601",480.271478921425
"2172053321",2391.14910983882
"2038901907",1705
"1981209670",3408
"2007149047",349.354109371021
"2777174945",176.880158730159
"2128721840",9842.0390149108
"1972291593",249677.10657558
"2122328552",28998.9819094306
"297432538",196675.814055671
"146839028",2263.25975012839
"1294330762",33094.2727535838
"2130015035",0
"2079278047",0
"2464448550",0
"2103999387",3994.24185913387
"2122471237",248.806168831169
"1483583928",89238.8196132032
"2225638692",18649.5
"2143234528",0
"2118051275",3
"1959501195",0
"2154343163",0
"2894397425",0
"2114473328",0
"120466312",0
"2076182545",35.3619769119769
"2147282416",3354.18227379376
"85537834",25740.8239638926
"2011819992",53957.3084322635
"228102912",0
"90224947",263.395238095238
"1995962232",0
"2121310506",117904.946224081
"2165137138",35496.4187403281
"2151264347",45173.4308927418
"92438100",83165.9689514326
"2144243776",0
"2015150056",0
"2086034959",0
"1982686475",1705
"2148448995",8
"2171367185",16453.6331456784
"2165695307",6788.18276246657
"2095218921",0
"2137567862",0
"2103857220",0
"2140912314",3408
"2134435012",0
"2423253281",0
"2327885379",0
"2136461225",0
"1993731499",0
"2173646266",23723
"1347151784",0
"135252792",3408
"2023387093",0
"2156686380",0
"193618192",0
"2159848645",30
"2277265283",0
"591830370",0
"1964062085",0
"1517047259",0
"2922806960",0
"2683627394",0
"1957122081",0
"1158934300",8509
"2499792786",0
"2589599210",10.5
"1922293178",0
"60139091",56024.3646969869
"2106487193",0
"2308666198",6808
"2035978339",265.723895044727
"2144214750",1563.67854569691
"2239053892",56615.6635917591
"2002718369",2338.33640752849
"2240528681",0
"288626473",21360.892659948
"2171234738",43587.2989706044
"1889475642",1705.25
"284430083",0.25
"2420433332",0
"156875573",0
"2123437293",0
"2065634026",0
"2303998404",3408
"12615902",0
"1838593635",0
"2271037092",0
"1828928408",10200
"2047782467",0
"2271586418",0
"2507508090",0
"2130645691",757.257079963316
"1963576484",45382.9862812556
"2076579854",6433.0390149108
"2241827754",0
"2109192563",0
"2125674462",0
"2050285938",0
"2047091263",0
"1979796846",19
"389943480",0
"2014508897",6808
"1617862073",0
"2142350131",0
"2510858842",139060.949258936
"1975997033",76
"2020848595",3
"2144842984",0
"2154409344",3408
"2751828274",0
"2589844882",3374.10643134205
"2063782688",11467.2054864984
"2097703981",0
"738756060",3409
"2289223277",0
"2462785460",25992.6421607159
"229038272",84341.2066920052
"2170236347",0
"2099991264",0
"2330451",0
"1273563922",0
"2022407533",3
"2021640924",8506.5
"2422299352",1.5
"297969600",0
"659530374",0
"18839523",0
"2116283648",0
"2883894277",0
"323026139",0
"1977456590",0
"2169643102",0
"243317564",18061.6419515082
"1991226362",0
"2144579353",0
"2469499809",0
"2100576291",74.9238095238095
"206561400",1705
"123429344",0
"2764508250",0
"1735999048",0
"66742930",0
"280947557",0
"2792877023",1705
"1977535315",17807
"2302541017",0
"2074451410",38799.9654864141
"2150887997",1703
"2161866848",11893
"2122791383",6
"2288456018",0
"193620349",852
"2120283233",0
"2146032592",0
"2595303683",0
"2138469899",0
"2104401652",29786.9036626639
"2435751034",241329.893217838
"2589372010",0
"2565831568",0
"2065379623",11653.5882055466
"2303367283",8430
"2663593097",39453.6743149036
"2103752940",0
"2148425697",7312.09340966222
"2670317987",0
"2416393701",0
"1725255474",0
"2141705163",32160.5
"278177626",49543.7418603194
"2530970829",0
"2583105289",0
"1966777347",4
"2037585042",6914.6316017316
"2033403132",49047.2001996747
"2951517468",0
"2148168557",25536.6316017316
"694839594",0
"2192667492",2
"2269886024",0
"235001993",0
"2299591329",0
"257753334",0
"690249449",0
"2221257390",0
"2138790093",0
"2098400666",11899
"285028944",0
"2277140718",0
"2134830209",2441.20158256317
"2304993124",1306.89711977909
"297547182",6
"2068402382",0
"2108011552",6969.60565723368
"254766753",22232.2674136507
"2021036281",15611.2349795552
"2432732352",5109
"2570355144",4
"2123681035",0
"2045140648",0
"215131072",0
"2031945151",0
"2252608274",82368.1065115436
"2103969243",0
"2165714491",5109
"2126237948",0
"2189262995",35385
"1991131908",9341
"707865762",4242.5
"2163446563",0
"2121236236",1703
"2012499344",1703
"2139785505",72
"1993564419",0.5
"2072849696",5532.03672608295
"1974025617",1
"184409032",1705
"1970391018",8505
"160904506",0
"2108214723",0
"2012618226",0
"1964335307",0
"2019029176",0
"1484279603",21781.1681581298
"2291088731",137180.361918215
"2059658689",0
"2147187202",0
"185521244",0
"2117083220",0
"2062859054",0
"1915993033",3408
"2209303800",802.682258621134
"2148468833",0
"2109349986",4259
"2425213602",0
"2126011899",0
"1533552536",0
"2147180669",20
"2395024022",1236.24330773419
"2238207816",0
"2119837755",0
"2224270997",15281
"48369249",8511
"2161997389",0
"2127665774",27783.2629080568
"329970184",0
"1997216218",5
"2096910461",392.097897086572
"2027031515",0
"2013437929",7.5
"2113251341",7.5
"2098711253",14
"2166051670",3
"2602597016",0.5
"2609429555",43.5
"2012385898",290.378669357078
"829422133",0
"2951171686",3569.49850420039
"1994434233",0
"2103844955",0
"2078733490",0
"2129170864",0
"2099647344",84001.4742087188
"2417153716",39.2120342076225
"2002796636",0
"2154334569",0
"2022097030",0
"38845618",3
"2141521478",0
"81432956",0
"1121136751",0
"2468732989",0
"2109513205",48278.5185885005
"2224734472",0
"2135804864",0
"2134439617",0
"2291484769",0
"1994240001",8505
"2104519264",0
"2114744800",0
"2169899387",0
"2156482873",4
"2652544568",25631.5002977829
"2167964723",26798.9243903817
"2924230307",5291.19094035785
"1264356972",0
"2312000221",40666.5058522457
"2479529389",0
"2706776965",0
"289005672",18988.8645492514
"24043401",0
"2102146905",0
"351197510",47177.7654758671
"2143134920",0
"1997770228",16
"102605680",0
"253203803",0.333333333333333
"2089047320",0.333333333333333
"1899107019",0
"2011763083",0
"2302858353",5364.41482525017
"2123697688",0
"2137006243",0
"2098297204",12
"2409260842",29158.8857500051
"1624046946",3409
"2951126644",0
"2108362240",0
"2143448784",0
"2438699337",2
"2234086281",3408
"1974086637",0
"2111015811",0
"2079889949",1703
"37742912",13601
"2118884691",36
"2035656122",0
"2778963749",0
"2018642088",0
"2277778369",0
"2231148827",0
"1999489753",0
"2238283877",0
"1436807182",0
"1089947631",0
"1893736562",0
"2655389208",572.482058842412
"320506402",3
"2168593634",0
"2104546489",0
"2134151728",765.105497293386
"2028927923",14290.9048579681
"339370955",5109
"2104398107",0
"157591724",0
"2303702895",0
"2602563467",0
"2175944703",0
"815211217",0
"2116269587",1
"2011629544",0
"2077766773",0
"2040939885",6
"2015383761",627.401998363749
"2299497436",0
"2285816794",0
"1987609480",25779.6941692385
"1242455151",0
"2102142094",0
"244473863",0
"1997627650",2585.90842981746
"281476361",24312.7759380361
"2689721181",0
"2100357054",0
"2053552764",0
"2153118160",0
"2704209241",2964.00797171218
"617670330",29221.6537035862
"2106722673",0
"2466289218",0
"2098876098",0
"2107097161",7
"246708073",12364.5650889569
"2115287579",0
"662855036",0
"245171893",3
"2240984066",0
"2164959637",0
"1811258128",0
"2109879686",0
"2143047568",9831.07314994946
"2570047972",0
"2223395194",0
"2136177209",0
"2066722336",0
"2650373485",0
"2087940392",0
"2006577648",0
"2155204714",0
"2125177178",3.5
"66946524",0
"2492219974",0
"2263019976",0
"2111600720",0
"2102252270",0
"2000897436",3408
"38133547",1.5
"2990966813",0
"2034054990",4
"1998051473",0
"2062282940",5
"2275763618",1
"2498491921",13.2040764790765
"2923204491",0
"2164252056",0
"1987443768",0
"1986033680",0
"2691826092",0
"2046376243",0
"2293620524",0
"2175366504",4
"2124104896",0
"2128187218",0
"2145160160",0
"2480643200",0
"2212399178",19.5
"2021686850",0
"2111387516",0
"2001878213",0
"1893730172",0
"2127391507",1705
"1981638017",0
"2115118701",0
"1389458012",0
"2112925650",0
"2131465174",2
"2126304162",47
"2123487663",0
"1375400056",1705
"2157503142",0
"2238215317",0
"2060104901",3
"2596165362",0.333333333333333
"2466935976",0.333333333333333
"2051345717",0
"2161437206",0
"233042646",5109
"2806801915",0
"2018949297",0
"2054623464",0
"2135675812",0
"2134243357",0
"2145458672",1705
"2112060729",1
"2111038173",1
"2184266712",0
"1903937220",0
"1933080361",0
"2134858009",0
"2157460648",0
"2015533912",0
"2274572434",0
"2677346178",0
"2127632057",1705
"2683343524",0
"2147114560",0
"2058823150",0
"2190459182",0
"2161611694",0
"2130284388",0
"2484619393",0
"2193073850",7
"2129072251",4050.3346224681
"2303156069",0
"2032008572",21007.6356965738
"1989084025",0
"2135552316",4601.08440136054
"57053632",1710
"2096912509",22009
"270055802",18680
"2155152400",0
"2117261730",0
"2065872864",0
"2153005395",0
"2951737594",0
"2230422045",0
"2679541700",0
"2160774113",0
"1992641199",6895.54237327283
"2232397101",57705.7523134874
"2584127737",26906.6069259109
"2105620155",6813.5
"2293419568",0
"2156088692",0
"328186532",0
"258591208",0
"1814273096",24
"1245857447",0
"2134510769",0
"1378336738",0
"2670173377",0
"2169472820",9974.41101020718
"2106500497",2858.20868576011
"231266601",0
"2811344451",0
"165729861",0
"2123304929",0
"1990986594",8
"2136132740",3674.65189516315
"657437189",17707.0217441695
"2685240658",0
"2689034138",0
"2115565924",0
"2160099514",0
"2135581613",0
"691479014",3409
"2233962492",36161.7977658975
"2609987651",11201.6352479725
"2058584252",41075.9810490574
"2397241174",54385.1596930602
"2154903899",0
"2152129939",0
"2616320108",0
"2136889405",5111
"2643943576",0
"2466810105",0
"2617818595",0
"40878555",0
"2134269139",0
"2633987352",0
"2120934782",0
"2035876866",279.581349352403
"2066975796",3849.90863092773
"1810360850",0
"2096887853",4322.07109303187
"2145928477",0
"2192483133",0
"2476880648",0
"2023344625",0
"2584726834",20442.7167963083
"2120044660",0
"2116484384",0
"1994620265",0
"2137074633",1705
"2124208467",0
"1268677781",68451.7514276588
"3786149",16648.1097884121
"2149659377",0
"2076429416",0
"2107833897",3411.66666666667
"2111846997",0
"136708976",0
"2270196177",16976
"1962057014",0
"2059111593",0
"2086994224",0
"2226606833",0
"2702174658",0
"2132254683",0
"158112612",18870.426126851
"2151870130",0
"2005577924",3408
"2023254819",0
"2679597945",0
"2168801554",0
"16705875",3025.90078403671
"2092877580",0
"2095782188",0
"2128170596",0
"2020289842",1705
"1979722320",1
"1770329841",1057.5925590921
"2067841899",0
"2139654925",0
"2162262477",28786
"1244974601",0
"2135458458",0
"2098001594",0
"2112473771",12
"302139608",16
"1986950650",0
"315782689",0
"2497095473",0
"2041005256",0
"2148628810",0
"2149846427",0
"2048157592",23999.5963373361
"2174228000",0
"2968337513",0
"76195939",0
"2421079266",0
"2124370546",0
"2017622874",3
"2167365918",0
"2121363826",0
"2227744130",0
"2108908667",0
"2460692374",0
"350196202",0
"2112374662",10335.80731867
"251023228",69922.43485582
"2121676736",0
"2252032993",51
"1764448532",0
"2496050578",0
"2315948196",0
"705676171",6
"2121686713",0
"1988556028",22
"2095785948",0
"1107620473",0
"2119976073",0
"1787149968",0
"1983098590",4.5
"2125917816",3408
"4651849",20.5
"2600952536",0
"2619192764",32
"1823252276",20.5
"1982785356",9686.94190256172
"2102222802",0
"2279520417",0
"1220761185",0
"2122268670",2334.1774447846
"309515214",5109
"1504974002",0
"2504896833",6808
"2102101654",37175.1666666667
"459388977",0
"2219978048",0
"2128049921",0
"2126030229",0
"2005621601",0
"2137920900",7
"2369031059",0
"2296948990",2314.11691400529
"2121586545",0
"2009081702",0
"155277768",0
"2190151475",0
"712415982",92295.5240869664
"2694804417",0
"1997671496",8
"2169570640",4
"2686705197",0
"2111179726",0
"2051979853",0
"2154013588",1
"2281680109",0
"2570998045",120.950072150072
"2133447601",0
"2049499784",20584.5538148213
"2153562108",0
"2502329210",0
"2045340971",0
"2101509626",0
"2674416884",13584
"1992607675",0
"639663078",0
"2158932634",6811
"2668006830",8505
"1075592465",2553
"2240607585",0
"1925374043",1519.13600088525
"2165875728",0
"730345965",0
"2098734601",0
"315739715",0
"1313188078",7035.08231727349
"1517651870",2413.2204125116
"2645738178",0
"2086391101",6
"2013171548",0
"2480658089",0
"2921114179",0
"2306900094",26835.8837024238
"2028784970",0
"2116332931",0
"2140359434",14
"2261807832",851
"820547186",0
"1969571361",6051.75211204052
"2953269569",0
"2111809384",0
"2097123842",0
"2209416809",0
"112779420",0
"2062975518",0
"2809063989",0
"2169123995",0
"2082241428",0
"2680176243",0
"1920478529",0
"2017766133",0
"2137000917",0
"1984832408",6808
"1812361008",0
"2169925262",0
"1964342099",0
"2097544120",0
"2658839697",0
"2144695932",0
"2198754141",0
"2165566163",0
"2122159276",0
"2590381716",1
"2128739099",1
"2113868374",25369.2212042126
"2040186208",0
"2086114595",6829.48115658852
"37233224",6811
"2101279140",0
"2123836521",26553.6795293645
"2136520929",0
"1954261512",13605
"663426097",0
"2100807608",14
"2216095205",16958.4274321198
"2627107713",0
"2059590781",0
"2003907699",12383.5834111878
"2162038100",925.067079420107
"816886801",14
"2103829928",3408
"1982327768",0
"1849627065",87893.966653389
"2043615867",0
"268424907",0
"2134462204",0
"2108609475",0
"2089385472",0
"2111596939",19586.634114002
"2109618847",0
"2159371596",0
"1985097485",0
"41028648",0
"2104007874",0
"713720536",0
"1997037825",0
"2049189351",0
"595543391",0
"1942232023",0
"2469461059",0
"1974345722",0
"2251713840",0
"321705644",0
"1217769045",0
"2632189821",0
"2918813256",0
"1966126136",0
"1454679632",0
"268204184",0
"331481929",0
"1962152635",0
"2206230956",0
"2121385928",0
"2948254658",0
"2152283363",0
"1569549514",0
"2162041713",0
"1985324749",0
"2249617921",0
"2582386572",0
"1273108490",0
"2034448535",0
"131065259",0
"254054780",24715.42331438
"2137369218",0
"2955294065",0
"2131233460",0
"2808359499",5
"2064694021",5
"2133637394",5
"2610173108",5
"1044551098",0
"2620408480",0
"1902127369",0
"2468182140",0
"2701928467",0
"2691474368",0
"2485633537",0
"163924767",0
"1604723759",0
"2398784594",0
"2918493915",0
"1965088163",76
"2620974449",0
"2974720209",0
"2161808265",0
"2066646611",0
"1969020417",0
"2284968793",0
"2079748755",0
"1715668211",0
"1027918499",0
"1993667700",0
"2158548821",0
"2581031421",0
"2684238934",0
"2089803923",0
"2010238386",3408
"2570615947",5587.76058717528
"2114541449",0
"2304252836",0
"2095673574",0
"2345664702",0
"2306158810",0
"2141663339",723.119264069262
"249328896",14
"2104164346",0
"2405256467",0
"2716892959",0
"1347616180",0
"2005957266",0
"90354697",0
"2655761614",0
"2481068594",0
"2498425127",0
"2499048952",0
"1972021287",0
"2019484133",0
"2134513687",0
"2652969190",0
"2618930516",0
"2259645355",0
"300175929",0
"2103279754",5109
"181886163",0
"2248165042",0
"2163216773",0
"2153137898",0
"2136319075",0
"2462811347",0
"2105279251",1705
"196720240",0
"281976954",0
"2256905521",0
"1247940802",0
"2135215972",0
"2538077558",0
"126037460",0
"2160194013",0
"2936749752",0
"2038661477",0
"2221300944",3408
"2044205123",0
"2060797211",0
"2105657664",0
"2764080610",0
"2138546940",0
"2066159008",0
"1990836593",0
"2178816185",16357.5275412653
"307521372",1705
"2098111081",0
"2158135548",7.5
"364304675",50
"2100221316",0
"1969918563",0
"2167218018",0
"639666141",5111
"2104368531",0
"346627008",0
"1961547176",0
"2106659432",0
"2403970744",0
"324073226",0
"2223449730",0
"2237875745",0
"2034428280",0
"2521254510",8509
"2119526225",0
"2117499156",12315.2024352543
"2035346540",1705
"2264677196",0
"2012164496",9
"2277811666",0
"695239088",0
"2512381318",0
"2955258819",3408
"2098016057",0
"395389946",0
"140676520",0
"2973866723",0
"2627416036",0
"2075167536",18
"1748740921",0
"2090152442",0
"2013928370",0
"2151930756",1705
"2149392531",1
"2777797361",0
"2094352705",1
"687383570",1
"2125193858",76233.378594217
"36948468",0
"105397497",0
"2511793379",0
"2718388515",0
"2519959765",0
"2155154275",0
"2484195747",0
"2595489962",0
"2269273602",0
"2108250667",0
"2042048789",11658.3673661587
"2136297185",24775.179157386
"2078517239",11893
"264213217",0
"183722240",0
"2130198275",0
"2111750516",0
"2034698336",0
"1992112313",0
"2461135768",0
"1221219011",20360
"2192737520",0
"2051984463",0
"2137854364",0
"2309553220",0
"2158415762",0
"2794294212",0
"2225141307",0
"2169226194",0
"2128657275",0
"2493313805",0
"2990812262",0
"2717681854",28837.8247249786
"2146664798",12456.9774714738
"2570455513",0
"241899517",5109
"2105735912",57890.4019666675
"1853234685",0
"2598177019",0
"1986182274",0
"1994357136",0
"242415709",0
"2195050966",3408
"1281575332",14.4728026875086
"2117210965",10108.3374740551
"2133778237",12973.3062151387
"207969196",0
"2097273326",3408
"2045157892",0
"2285762679",51.6825757575758
"2146744274",0
"1464790619",0
"2168181321",0
"2793300811",6
"1973314746",852
"2111263976",0
"2082304995",567.000000000003
"2128935492",571.000000000002
"2627117054",0
"2524043411",2
"72441953",178.985703022468
"144686356",0
"2111280716",0
"2469620852",6558.68487987182
"2661920265",0
"278754694",1256.71111382676
"2086475204",13032.5449758814
"2135968533",11893
"2143274392",0
"2164858465",0
"2318628810",0
"2106629214",0
"2230056477",6808
"123788635",0
"2000003124",0
"2114946412",0
"2158816953",0
"2061803331",11895
"2524462901",7856.76828298528
"167589996",48741.2325171381
"2006682166",1705
"1961840802",0
"2217963768",0
"1964890520",0
"2472035779",1
"22135093",0
"120651226",5109
"2000740313",0
"243981275",0
"1975069521",0
"2156226897",0
"1524560149",1705
"2048266507",57907.0666376796
"2116333191",53655
"2014991465",25521.0963373361
"112407019",0
"2116323195",31873.4975575299
"2205924584",0
"2193999452",279.94676538202
"2051750615",0
"2114318968",0
"1968686581",1705
"2136050841",0
"1526539107",0
"2100357752",0
"2228147929",0
"2235303554",0
"2272606362",0
"2777304882",0
"2776558098",0
"2569573754",0
"2303643105",0
"2252271408",0
"2132927693",0
"2160602068",0
"2083129847",0
"2664172205",0
"2152020443",0
"116046974",0
"80530004",0
"154019569",0
"2115619562",0
"2118586410",0
"2303602861",17173.2100243148
"171972610",0
"2527582025",0
"2936581308",0
"2170820082",0
"2189335224",0
"2165269257",0
"1966735589",7176.54870617003
"2778599336",0
"2684575809",0.5
"2069111782",0
"2913216944",0
"2056783373",0
"218175561",0
"2490485741",0
"2495566078",0
"2155114799",567.666666666653
"2293981250",567.666666666653
"2112810595",0
"1964253561",0
"2284344707",0
"1276936747",0
"2006356947",0
"2720737173",0
"2170629902",25
"2170865064",29411.2664785758
"2199335272",0
"2300695514",0
"1274868565",0
"2159253281",0
"2096838825",0
"2947209918",0
"2163251176",0
"2105363668",0
"1201773252",0
"2111406810",0
"2239241780",23751
"689283738",0
"2134457378",0
"1535400702",0
"2201721716",0
"1153133090",1
"2172080297",0
"2038008834",2
"2255504348",0
"2712128676",0
"2599013713",0
"2158670801",0
"111302929",0
"1505762907",0
"2282685233",6
"2006674552",5109
"2111611200",0
"2302984154",0
"617941202",48
"2562883545",0
"2108675760",0
"2237110490",0
"2435511731",0
"19794928",0
"2313657906",0
"2618550202",0
"1910597427",0
"2149341496",0
"1278721609",0
"2113665458",0
"27009298",0
"39115121",0
"1260688485",0
"2016205104",0
"1257273424",0
"2483788825",0
"2506768123",0
"699740264",2
"2193119145",0
"2113978936",0
"2142947146",0
"2721922248",0
"2286237009",4118.76567357391
"2132470913",0
"2151570909",0
"2014469688",0
"2252852592",0
"2158620633",0
"2118479066",0
"2940745496",0.5
"2116681370",0
"2151224058",0
"2102611474",0
"2589577",0
"2157364398",0
"2066523793",24730.2240615866
"2108624097",0
"2595437681",0
"2443577753",0
"1502939172",0
"309815489",0
"2793152110",0
"2117783907",0
"2152239780",0
"2031748753",0
"2140907548",0
"2191719801",0
"2190413427",0
"2162114920",0
"2055936324",0
"2120106652",0
"2310240688",0
"2069859518",0
"2118386434",0
"1419022840",0
"2165712131",0
"2027550000",0
"2070795449",0
"2158987803",0
"2198766192",0
"2142388449",0
"51919061",0
"2226783795",3409
"2051331017",15
"2006600044",0
"1983943996",5
"211780538",23871.6410676971
"2133337488",4052.67358686656
"1269340910",0
"2167433806",0
"2417310568",0
"2119542244",0
"2243591905",3
"2250302659",0
"2301968909",40391
"2562039803",0
"2143603016",0
"2470363587",6143.41320432663
"2102454835",0
"2079978182",14823.4036626639
"2167404190",26547.4036626639
"2032102379",0
"2250998000",3560.26066139334
"2171713006",0
"2142518979",0
"1978915323",0
"2078390131",0
"2242053196",2
"2083130421",0
"1895868705",1705
"2151431472",0
"2135443026",0
"2145702216",0
"2104888899",26353.3326102704
"211812777",0
"1800007723",0
"1972177269",0
"2103369886",0
"1982975784",1
"2131557737",1
"2965227977",8878.35133095204
"2371394552",0
"2468049152",0
"2126473756",0
"2039763176",0
"244818265",0
"2106539283",0
"2673157249",0
"164824025",0
"2463141771",8
"1835833577",15273
"2551524386",0
"2131607762",0
"2580601624",0
"2118426644",0
"2101968948",0
"2163850232",177.262742797625
"1675630922",0
"2072240339",0
"1276257507",0
"2157111323",0
"2098080957",0
"2692648732",0
"103510680",0
"2633586449",0
"2138625242",0
"2163367586",5
"731054299",9
"2100545504",0
"2135255940",0
"2100618501",0
"2342656218",0
"2227534972",0
"2140564332",0
"2152679201",0
"2440006205",1705
"1975712082",27095
"2717466745",0
"2010246433",0
"2128530851",0
"2175232850",1705
"2078039764",0
"2283469157",2
"2144802550",0
"2087489460",4
"2278498537",0
"2159031116",8505
"2179769924",11893
"2294241506",0
"153925120",0
"2061851337",0
"2619145315",0
"2109587139",0
"2164402897",0
"2102128069",0
"710308043",0
"2687848868",0
"721236326",26
"2126082358",0
"2276738233",0
"1537048691",0
"2032270973",0
"2882719549",0
"160031478",54
"2337815572",0
"2506598906",0
"2109414697",2
"1982223305",0
"1945381074",0
"2974436425",0
"2917337308",0
"2159700737",0
"2160277452",0
"2647580962",0
"2641124745",0
"2100565806",0
"2156938008",0
"313965091",0
"2099325229",7157.5104582337
"2133927917",0
"1983365520",0
"2098454813",0
"55244337",0
"351034697",0
"2547974389",0
"2097306286",19716.5775279963
"2168614452",0
"738438988",0
"2250300074",0
"2986225452",2
"2579263816",0
"2000023593",0
"2495495771",0
"2480241949",0
"2160942610",2477.00110188927
"2115109986",0
"2100817443",0
"664231056",1705
"2007049433",5507.15760591061
"2310745315",0
"2136626448",0
"169445216",0
"2082894032",0
"2566124581",0
"2310191432",0
"2642949761",0
"2640472960",0
"2160809552",0
"2479480413",0
"2505588532",0
"178451354",0
"729227961",0
"2101056724",0
"2005053826",0
"2704475440",3408
"2110067709",0
"2153121925",0
"2296729424",0
"2002360971",1703
"295984705",0
"2921830466",0
"2186211331",0
"2263011237",0
"2338117446",3408
"2124028641",0
"2259100201",0
"2050083044",2
"2138495596",0
"2114921128",1705
"1999770807",0
"2112824674",0
"2289542319",67760.8151199426
"2328522601",0
"2133966816",2958.26643406571
"2121989902",0
"2133571848",0
"42138872",0
"317192602",14429.8292541048
"2141630898",0
"1907357561",0
"2050754209",0
"2333099729",0
"2892443067",9921.05639635574
"2123370898",0
"2199253878",0
"93198007",0
"2101389519",0
"2646684094",0
"2669195515",0
"2657391372",0
"2251795989",0
"1969870846",0
"33117105",0
"1986208804",0
"2093264594",0
"1969487857",0
"151475393",0
"2297036864",0
"242635728",0
"2095381979",11082.3870980445
"270351283",0
"2312837134",0
"2116537159",37107
"2130993935",0
"2224929196",0
"1898836778",0
"2056015421",6
"2902204500",0
"2282873478",0
"2266727531",0
"2493786960",0
"2501580337",0
"2944302109",22772.9844229748
"2101048513",0
"2426402601",0
"2279335322",0
"2114683746",0
"2302862425",0
"2004861503",0
"2570154708",0
"1111049960",0
"371500171",0
"2018810797",0
"2498219105",0
"2142689629",0
"2163883665",0
"2167730221",0
"1845032363",0
"2167366370",44439.8948055516
"1986654755",0
"2221004268",8019.91334635932
"2142033125",17525.4361660274
"2211520751",1705
"2189524569",10784.8096540573
"2261367123",0
"2198983026",0
"2119538990",852
"2298166661",1
"2020801783",0
"2616053978",1
"2707739930",15894.6177567621
"2633818787",0
"2158078532",0
"2095669906",10208
"2619064001",0
"2111678102",1756.29437229437
"2169363483",7919.64332301842
"2111262088",0
"2129669204",0
"2484059044",3
"2135445600",0
"55380488",0
"1448039523",0
"2279725060",0
"2164775409",0
"2167354121",0
"1794038515",0
"2102688157",0
"971226294",0
"2700953612",0
"2596608040",0
"2145260995",23.4181718664477
"2148550123",0
"2157112897",0
"2560890161",0
"2130300676",0
"2159085208",0
"2464024613",0
"2557791985",0
"2120253570",0
"2153219396",0
"2141883181",0
"2155890085",0
"2063114072",0
"2125286321",0
"2185015450",0
"2056439028",0
"2118459053",0
"2093953614",32855.4576388715
"2018227268",12812.8312621425
"2056630707",0
"2468116778",0
"2213781747",0
"2584986804",0
"2556474325",0
"2153780276",0
"2688573948",0
"737145164",0
"2953371951",0
"183004243",0
"2543420541",0
"2706746625",0
"167087310",0
"1979713447",5
"2991555164",0
"2508825474",0
"1919334810",0
"2137725330",0
"2100565365",7842.22766883077
"148197049",1701
"2591388101",0
"2491881922",5109
"2050254073",12756.7088256205
"2275451870",0
"2639092200",0
"2465200862",0
"2137831073",0
"2010535889",0
"2778941053",0
"2123651450",0
"108406206",13338.5965761658
"2559335077",0
"2300062457",0
"2132891653",0
"2476763573",0
"2424461289",0
"2309194119",6797.25782394797
"1932791462",6159.8098989198
"2081463322",0
"2479954448",0
"333189659",0
"2556942265",0
"2422457627",0
"2056869360",6756
"1939703193",0
"1999069192",0
"2179365829",0
"2510858442",0
"2662459126",0
"2628434994",0
"2066314578",0
"176958472",0
"1972188706",54
"2270386666",0
"2038942755",0
"1921173107",0
"2501997264",0
"2161116978",0
"2098899278",0
"2530151574",0
"237421869",0
"2150351570",0
"2986899380",0
"2251477105",54
"2658407528",0
"2139508905",0
"2292299320",5109
"2558015611",0
"2251298387",8
"2603491617",0
"2159584513",0
"2973763720",0
"2152966786",0
"2152377557",0
"2105451568",0
"2010648985",0
"134133163",0
"2156474971",0
"2488380484",0
"2579924890",0
"2301389880",0
"2420008042",0
"2295091982",0
"2686488618",40368
"2468122884",50280
"2303295067",0
"2204958192",0
"2668328581",0
"2131016563",0
"2171689288",0
"2104121242",0
"2678872867",0
"2562268280",0
"2116836739",10.5
"2120348443",10.5
"2097653880",0
"2168485313",0
"2068608856",0
"2174985400",6
"2309998905",2
"2117902178",0
"2200264148",0
"2467614072",0
"2146595883",36591.5230388284
"2607770848",0
"2028114619",0
"2934791588",0
"2114868023",0
"2700151585",0
"2096599005",0
"2561926301",0
"139967712",0
"2673201243",0
"2637720168",0
"2099227489",0
"2561901708",0
"2625012942",0
"1967094502",2
"2027242098",0
"1988254826",0
"2252171364",0
"1973210777",0
"2223736107",0
"2566460218",0
"277843997",0
"2137124533",0
"2316304625",0
"1997678978",0
"386993383",0
"2549425869",77.8504967791074
"2528789793",0
"2354504",0
"2146703035",0
"2150352782",0
"2950923173",0
"2949282600",0
"2255194282",0
"2622477072",0
"2200619820",0
"2071532528",0
"2420281552",0
"2096393514",0
"2692038496",0
"2558461192",0
"2509783900",0
"2116972616",0
"2083670899",0
"2129908635",0
"2120688692",0
"2135830645",0
"1580821723",0
"2106816141",0
"2106120769",0
"2560879651",0
"2517210667",0
"2567468530",0
"2426295800",10205
"2102791789",0
"2468618410",0
"1973162899",0
"252479729",0
"2279407096",9531.38854048119
"2276330680",6
"2124723576",0
"2107142044",30808.7847550652
"2280654194",0
"2112859155",5.5
"2302347644",0
"2105845954",0
"2620508690",0
"2170042945",2
"2226555938",0
"2422878920",0
"2072541692",0
"2953715881",0
"2171443821",0
"2949751979",0
"2503171999",0
"2659318511",0
"2937705183",0
"2627995287",0
"2401433957",0
"2035224764",3408
"2237113085",0
"730122487",0
"2045095944",13584
"911413627",2
"2737257653",0
"2125069230",25404
"2116875276",0
"2014075120",0
"2502503183",0
"46937997",63
"2015408821",0
"2127214650",0
"2042292468",0
"2279823342",0
"2235888637",0
"99325522",0
"2085767126",0
"2096065322",0
"2088939020",4
"2038914001",0
"2659812057",0
"18301080",0
"2147669519",0
"2040107456",0
"2282064595",0
"2103160788",0
"2168552428",0
"341500542",0
"2515818717",0
"2119758739",0
"2120527611",0
"2500261453",0
"2136887138",2
"2635159305",0
"2761892548",0
"2473215136",0
"2044903139",0
"2912415756",0
"2092489667",0
"2780658116",0
"167205499",0
"2145100532",0
"2098281253",0
"2021268131",12939.4159289735
"2730543497",0
"2733559508",0
"2733584428",0
"2161328394",0
"2125275122",0
"2227437339",0
"2555656328",0
"2019566994",0
"2144803173",0
"2202273235",0
"2198634693",3638.10444595544
"345433037",0
"2267218070",0
"2467740887",27722.9909781738
"1269859624",0
"2121178673",10558.0963373361
"1984940772",0
"2918470136",0
"702846006",0
"2142241828",8
"2291154966",0
"1206765324",1705
"2587775952",0
"2588267432",0
"2716532552",0
"2588913858",0
"217919293",16
"2758239696",0
"1880062842",0
"2921993624",0
"2235620040",0
"1691279138",0
"1981155731",0
"2154537858",0
"2135492184",0
"2460197444",0
"2137015694",49
"2592575384",0
"2239320619",19754.3037167236
"2099978586",0
"2689542854",0
"2806796739",0
"2164061828",0
"2130148372",29447.4684414882
"2192679303",57544.5035195981
"2565222697",0
"2127952624",0
"2169149128",28.3333333333333
"2490403029",0
"2195284488",0
"2509901099",0
"2396591930",0
"2405171866",0
"2761742941",0
"2265343206",0
"2761071510",0
"2044129544",0
"1988519498",6808
"255084042",0
"2599431153",0
"2104512981",9775.71724388345
"2160479021",0
"2154019360",0
"68611093",0
"2148390776",0
"2069134894",0
"2607199148",0
"2605879716",0
"2509895705",0
"2167681077",0
"2046403946",0
"2122272077",7
"2189683265",398.289743589744
"2686770909",0
"2119954973",8201.61481128375
"2194200048",0
"2099379656",0
"2126073644",0
"2186831745",0
"2127850435",0
"2102570927",3408.5
"2462721817",0
"2659276585",0
"2330947243",0
"2651140585",0
"2009561042",0
"2643448274",0
"2107595349",0
"198699297",0
"303327648",0
"2064592969",0
"2973856962",0
"2226538938",51894.29109973
"2237870136",0
"87749410",0
"191979884",0
"2625075569",0
"2276448879",0
"1985788981",0
"2585028062",0
"2057957737",0
"2121457248",15645.6311402145
"2124873033",14631.0874231408
"2712668055",0
"1991661564",8
"2634725275",0
"2598605361",0
"2583656720",0
"2591117145",0
"2113276713",0
"2155265242",0
"2118530536",0
"2157689689",0
"2140714400",0
"2130712876",0
"2119739827",0
"2110230645",10.5
"2135302315",0
"2300711308",0
"2138722980",0
"2130181892",0
"2165888709",0
"2141326772",0
"2114357324",0
"2108673390",0
"2466987623",0
"2893075845",6811
"2302750490",0
"2139723518",18063.8315276998
"2295192293",0
"1446033523",0
"2126963664",0
"2023568130",0
"2226714033",0
"219502362",8
"2150978211",1758.91183816184
"2307209592",0
"2119536171",0
"2024443744",10200
"2078633956",10460.4654519975
"2594392905",0
"2166249280",0
"2712380323",0
"2792718004",0
"2147033837",0
"2302839345",0
"2109475261",0
"2304419177",0
"2079517499",0
"2291132764",0
"279168326",8505
"259249205",4367.22868286483
"2094301929",0
"1904534369",0
"2150126216",0
"2141504082",0
"2141165091",0
"1966731064",0
"2614161603",0
"1976939201",0
"2137543585",0
"2112478697",0
"2128393788",0
"1624679253",3408
"2514954024",0
"2238836121",0
"2477293048",0
"2949515978",2
"2556717708",0
"2148142019",0
"2248948771",0
"2716140978",0
"306497561",0
"2170825556",0
"2105797154",0
"2236397478",0
"2102680016",0
"2114574273",0
"2155316287",0
"2421711721",0
"2561449537",0
"2144968425",0
"207896225",0
"1993658114",0
"2561591627",0
"2038319787",0
"1226131238",0
"2171800532",551.451611457702
"2410044898",0
"1897691719",6
"2154047257",0
"2654456208",0
"2781534746",0
"2893451426",0
"2344158098",0
"2033534366",0
"2157666745",0
"2119161170",0
"2248590170",0
"2663912684",0
"2560534435",1693.33333333333
"1983134822",2581.66666666667
"52482323",0
"2197070714",0
"2319752633",0
"2029488433",14551.9512449931
"2022852305",0
"2528434920",0
"2487451792",0
"2149492284",0
"2257632777",0
"2101788098",0
"2032619245",0
"2584697184",0
"2584934649",0
"2583941436",0
"2111799824",0
"2977671541",0
"2115122022",0
"46328674",0
"2158184772",0
"2152194765",0
"2786800433",0
"2894275755",0
"2099091510",5139.75939393939
"2091266144",0
"2001425411",0
"2161593647",0
"181552370",0
"2735869114",0
"2807999852",0
"2127344970",852
"1992309470",852
"2804027078",0
"2122391114",1
"2394551344",0
"2176463048",0
"2076471859",0
"430121905",3408
"2805789193",0
"2122804990",5109
"2021258336",0
"2150053968",0
"2950788315",0
"2014445613",0
"1633289514",0
"2167821181",0
"2969748276",0
"2595775963",0
"2041147275",0
"2206974089",0
"2224168553",0
"2465599977",3
"2587861929",0
"2127322060",854.833333333333
"2107589357",0
"2885476387",0
"2754144952",0
"2333376344",0
"2126407721",0
"2510924085",0
"2893796336",0
"2040865699",0
"2002964160",0
"2893311733",0
"2478123069",0
"2541919533",0
"2027870957",10209
"1988337178",0
"2947075240",0
"2192500626",0
"1549817177",0
"2142197010",0
"2557883049",0
"2441844792",0
"2915230744",0
"2127981201",0
"2131299066",0
"2155853947",0
"2137221145",0
"2033267466",0
"2512105912",0
"2153049817",0
"2624988361",0
"324555612",0
"2132854750",0
"1985957493",4
"2556566300",0
"2612083739",0
"2544443577",0
"2751077389",0
"2903844034",0
"2904219833",0
"2905108802",0
"2884326901",0
"2903789445",0
"2750599132",0
"2160442546",0
"2110367587",0
"2119721379",0
"2468668054",0
"2907179609",0
"2290520829",0
"2122067974",0
"2125482361",0
"2166866709",0
"2117959819",0
"1954657688",0
"2790495380",0
"2092639762",0
"796312085",0
"2119710125",0
"2090939779",0
"2729362266",0
"2732195584",0
"2138531792",1705
"2170576845",7265.05720690128
"2405013156",0
"2296689393",0
"2911831148",0
"2100667814",1705
"2487015072",0
"2295657433",0
"2895887306",0
"2914571162",0
"2584755668",0
"2975395829",0
"2911787580",0
"2985382067",0
"2409618833",0
"2096829243",47036
"2550290020",46768.2953728981
"2034282898",0
"2153772549",0
"2898642168",0
"2700651186",0
"2117174536",0
"2279633593",41102.5738744239
"1982116827",0
"2901283336",0
"1989182473",0
"2149458952",0
"2670015194",0
"2586299787",0
"2109195399",0
"2784331442",0
"2777638408",0
"175779560",0
"2126599162",0
"2170372657",0
"2120836466",0
"2127580872",0
"2945034465",0
"677998388",0
"2025031154",0
"1979262825",0
"2121359192",0
"2018949929",0
"2001700347",0
"2243827798",0
"2015852325",0
"1979530987",27
"2768266653",0
"2990329397",0
"2105560112",0
"2183542146",1705
"2069294212",0
"2343337857",0
"1198110563",0
"2546028236",0
"2669915432",0
"2261379632",0
"2041064612",0
"251052554",0
"2141904778",5109
"2171087181",0
"1971334216",0
"2607421252",0
"2797618501",0
"1985648170",3062.24115639263
"2132306468",0
"2953317715",0
"273196668",0
"2023149768",0
"2162627685",9.5
"2035532594",0
"416121114",0
"2491886956",0
"2130450629",0
"2169917266",0
"2479427523",0
"1197132456",0
"2919361794",0
"2550713949",0
"2502076953",0
"2498591960",0
"2302890048",0
"2788650598",0
"27783804",0
"2122173513",0
"156318388",0
"2100971276",0
"2142976571",0
"2780297547",0
"1845223583",3408
"2489899178",0
"193178368",0
"2570085208",0
"1987315976",0
"2137812506",0
"250836366",0
"2127039146",0
"2713311714",2
"2658544530",0
"47705723",0
"297038259",0
"2761278044",0
"2510738453",0
"1902942371",0
"2016079220",0
"2964325212",0
"2815217814",18
"2336861845",0
"1976791985",0
"2336810427",0
"1478997493",0
"2963448825",0
"2964239216",0
"2401622204",0
"2790794489",0
"2369461442",0
"2594993106",0
"2537308456",0
"2537643034",0
"2283690272",0
"2479609018",0
"1278761251",0
"2807669465",744.674314903624
"2950850050",0
"22110362",0
"56700953",0
"2102975752",0
"264667340",0
"1773024579",0
"334648657",0
"2170531290",0
"2421806728",0
"53095697",0
"2144812577",0
"2954596826",0
"2149886414",0
"1887673601",0
"717012417",0
"2127243113",3408
"2108210217",0
"2106903458",0
"2613013258",0
"1767982378",0
"2966544342",0
"2228105547",0
"2626779665",0
"2098317857",0
"2130441893",0
"1970845504",0
"2199459438",0
"2104141562",0
"2330476625",0
"2129838225",30
"2042958006",0
"2167250581",0
"2111193824",0
"2021426592",0
"2255246427",0
"2404089075",0
"2226710461",0
"2153398190",0
"2079380910",14
"1913869424",0
"416744812",0
"2139885129",0
"2267188738",0
"2092605288",0
"2192616082",0
"2003447744",0
"2161535892",0
"2022287229",0
"2162608454",0
"2147755189",0
"2170650152",0
"2101613840",0
"57083941",0
"2160927720",0.333333333333333
"2475427764",0
"2098359666",0
"2588077075",0
"2210309656",0
"2183004852",0
"1843466435",0
"2277055860",0
"2120301528",0
"2298118675",0
"2484040650",0
"2095953017",0
"2161135216",0
"2567649626",0
"2009645378",0
"2232375382",0
"2505321855",0
"2483473501",0
"2344260300",0
"2261047503",0
"2059277171",0
"2523407221",0
"2042309534",11102.3060655059
"2953025344",0
"2595082211",0
"2738083360",0
"2618079041",0
"2540000765",0
"2169227892",0
"2052189873",6808
"2615792163",0
"2531916331",0
"2893542663",0
"319880114",0
"2230249395",19476.0883277732
"2504572445",0
"2143089062",6530.15885446865
"1942880919",0
"2513162093",0
"324225515",0
"2167125010",0
"2585316965",0
"2192820701",0
"2117105010",5111
"2897655105",0
"2902597213",0
"2037998480",0
"1961023819",0
"2494905832",0
"2952387095",0
"2666261747",0
"181270745",0
"2494812810",0
"2026469688",0
"2427410425",0
"83166806",0
"2032344346",0
"2159446310",0
"2140772679",0
"1980017490",0
"2511116019",0
"1982250372",0
"2318147181",10200
"35872053",768.183197066092
"2028249993",0
"2679827738",0
"2302882843",0
"2434866819",0
"2558050507",0
"2326834017",0
"2513940554",0
"2562639649",0
"2712559890",0
"2633210737",0
"2242916949",0
"121405744",0
"2118271290",0
"1684291096",0
"2951573037",0
"2430905803",0
"1128886760",0
"2111092269",0
"2682454145",0
"2250311288",0
"1991264346",0
"2295622617",0
"190740000",0
"1985963267",20
"2766454393",0
"2061455874",0
"2231647228",12286.7972034362
"727719436",0
"2353884032",0
"2100683166",0
"189310483",0
"2085807921",0
"2113014581",0
"2533618377",0
"2943479946",15
"2134078776",0
"2124967328",0
"264277963",0
"2100834174",0
"2321549074",0
"2092483785",0
"2949603506",0
"2151001456",0
"2097300135",0
"2314522249",0
"2004878410",0
"282980150",0
"2596656977",0
"2062090202",0
"2551033752",0
"2362630976",0
"2103336841",0
"2004907782",0
"2138192401",0
"134296357",0
"2498847882",0
"2123804672",0
"2900083240",0
"2610295154",0
"2255177786",0
"2473307515",0
"2112008419",0
"2226575115",0
"325713696",0
"1817936516",0
"2112028554",0
"2002133660",0
"2684483027",0
"2108290779",0
"1872234761",0
"2125613682",0
"2156033562",0
"2272270440",0
"2021736417",0
"2399664503",0
"2264675191",0
"2170533113",0
"2023441051",0
"2208685672",0
"2142565773",0
"2072323944",0
"2165335896",0
"963840018",0
"1798593165",0
"2244812669",0
"70803272",0
"2222747345",0
"2048019866",0
"2274236867",0
"20281835",1705
"2516314560",0
"2155093299",0
"2703949052",0
"2034095171",0
"1930675913",0
"2210580843",0
"2553485778",0
"2737211241",0
"2029196934",119567.126137957
"2399064996",0
"2952474566",0
"2161070301",0
"2893505248",0
"2771363680",0
"2137747219",1705
"2437776675",0
"2654384320",0
"2032345308",415.794275583853
"2515560682",612.627932155563
"2674849924",0
"66739780",0
"2427243148",0
"2135406720",0
"2188705904",0
"2226262640",0
"2569207891",0
"2304713483",0
"2718747388",0
"2160923106",0
"2617321643",0
"2885393435",0
"2805279840",0
"2620180323",0
"2786373057",0
"2938895627",0
"316691536",0
"2117496196",0
"2552637460",0
"2060746734",0
"2141840149",4231.89376623896
"2108390110",0
"2148255370",0
"2120383744",0
"2098223009",0
"2892947237",25
"2279617849",0
"2106786457",0
"198285984",0
"193842059",0
"2004071612",0
"120477781",0
"2303382110",0
"2437136327",0
"2324089765",0
"2142025243",0
"2768756606",0
"2233094009",0
"2165676928",0
"2531574248",0
"2952690513",0
"2479287314",0
"2124597762",0
"2191129348",0
"2205445002",0
"2275423081",0
"2010363364",0
"2692458818",0
"2509610042",0
"2557596982",0
"302486252",0
"2777974297",0
"2051915741",0
"1976763668",0
"2594147001",0
"2551687923",1705
"616605368",0
"2655709200",0
"2567708412",0
"2149572011",0
"161409135",28
"1946635419",0
"202003005",0
"2301637896",0
"2291722318",0
"2748843457",0
"2143687321",0
"2134605789",0
"2101069102",0
"2896668657",0
"2804596560",0
"2762220216",0
"2897357306",0
"2191748220",0
"2668233356",0
"2896343108",0
"2096566756",0
"2896522756",0
"2153329155",0
"2571888838",0
"80443992",0
"2072817947",0
"2518696594",0
"2226901923",0
"1526086892",0.5
"839208152",0
"2998400445",0
"2998212022",0
"2997129032",0
"2996994027",0
"2997882632",0
"2998617738",0
"2997872472",0
"2998024946",0
"2998515024",0
"2996990851",0
"2997786161",0
"2998270342",0
"2998133434",0
"2998085692",0
"2997336041",0
"2997831397",0
"2997201582",0
"2997905046",0
"2997778821",0
"2997516918",0
"2997328307",0
"2998015883",0
"2997759107",0
"2997856939",0
"2997649560",0
"2998133389",0
"2997753293",0
"2997032802",0
"2998608157",0
"2998480157",0
"2998141750",1.33333333333333
"2998413787",0
"2998733656",1.33333333333333
"2997929849",0
"2997051912",0
"2997785268",0
"2996914321",0
"2998706850",0
"2998357472",0
"2998396929",0
"2997154962",0
"2997317106",0
"2998732051",0
"2997910859",0
"2997937087",0
"2997168154",0
"2997354459",0
"2997786849",0
"2996823842",0
"2997445506",0
"2997460101",0
"2997192854",0
"2997615401",0
"2998730092",0
"2997918650",0
"2998723099",0
"2998616723",0
"2997828864",0
"2997583475",0
"2998222146",0
"2997397446",0
"2997168903",0
"2997620149",0
"2998292092",0
"2997247606",0
"2998086228",0
"2998371873",0
"2997395784",0
"2996784947",0
"2997357490",0
"2998352905",0
"2997055034",0
"2997957029",0
"2997401104",0
"2998355301",0
"2997403721",0
"2997913681",0
"2998620052",0
"2997253659",0
"2997361705",0
"2998373640",0
"2996894064",0
"2996871067",0
"2997533210",0
"2998079005",0
"2998037339",0
"2997496984",0
"2998326155",0
"2998436870",0
"2998075276",0
"2998208082",0
"2997361497",0
"2998031560",0
"2998603297",0
"2998561661",0
"2997824392",0
"2996785440",0
"2998001488",0
"2998627532",0
"2997705139",0
"2998372115",0
"2996841179",0
"2998475097",0
"2996767673",0
"2997761117",0
"2997271656",0
"2998093881",0
"2997980278",0
"2997820592",0
"2998132541",0
"2997238534",0
"2998373322",0
"2998132384",0
"2998344331",0
"2998267453",0
"2998208837",0
"2997996296",0
"2997951717",0
"2998529973",0
"2998349822",0
"2996858406",0
"2997519015",0
"2996892579",0
"2998568938",0
"2997443288",0
"2997099122",0
"2997520832",0
"2997083401",0
"3000171240",0
"3000555937",0
"2998914591",0
"2999338776",0
"2999576333",0
"2999427953",0
"3000641283",0
"2998787921",0
"3000019409",0
"2999113816",0
"3000407676",0
"3000537955",0
"2999461824",0
"2998937024",0
"2999522664",0
"3000004701",0
"2998777723",0
"2999669725",0
"2999649050",0
"3000526334",0
"3000683278",0
"2999035691",0
"2998923598",0
"3000515960",0
"3000340755",0
"2998984424",0
"2998988265",0
"3000244283",0
"2999063201",0
"3000434116",0
"2998895742",0
"3000567143",0
"2998840577",0
"2999250977",0
"2999735786",0
"2999247468",0
"2999263468",0
"2999154058",0
"2999634378",0
"2999773522",0
"2999002393",0
"2999878902",0
"2999609715",0
"3000251039",0
"2999083724",0
"3000252626",0
"3000601251",0
"2998743525",0
"2999380292",0
"2998997086",0
"3000248780",0
"2998949546",0
"3000115457",0
"2999471612",0
"2998968776",0
"3000412899",0
"3000419960",0
"2998822688",0
"3000417289",0
"2999091581",0
"3000207038",0
"2998989356",0
"2998920608",0
"2999122971",0
"2998810993",0
"2998925208",0
"3000691347",0
"2999853849",0
"2999933057",0
"3000134760",0
"2998867528",0
"3000088476",0
"2999229197",0
"2999866089",0
"3000651432",0
"3000116024",0
"2998906019",0
"2999957444",0
"2998836166",0
"2999494686",0
"2999110922",0
"3000715885",0
"3000559997",0
"3000697633",0
"2998973032",0
"3000723697",0
"3000358929",0
"2999383252",0
"3000185642",0.666666666666667
"2999415435",0.666666666666667
"3000207544",0
"3000006873",0
"2999394041",0
"2998803725",0
"2999786936",0
"2999697769",0
"2999821403",0
"2998792236",0
"2998888092",0
"2999786865",0
"2999230398",0
"3000105448",0
"2999368161",0
"2999077139",0
"2999988688",0
"2998991842",0.5
"3000277770",0.5
"2999175584",0
"2998898561",0
"3000244530",0
"2999349376",0
"3000314597",0
"2999428961",0
"2999793405",0
"2999722606",0
"2999842629",0
"3000269666",0
"3001228589",0
"3001282333",0
"3001018361",0
"3002145171",0
"3001927207",0
"3002218161",0
"3001923126",0
"3000838802",0
"3003051621",0
"3002664345",0
"3002563154",0
"3001695995",0
"3002709630",0
"3000805059",0
"3001306196",0
"3002768136",0
"3001286393",0
"3001396819",0
"3002552937",0
"2997112208",0
"2996780266",0
"3003461608",0
"3003288844",0
"3003594137",0
"3003213645",0
"3003268026",0
"3003950341",0
"3003997212",0
"3003362936",0
"3003502673",0
"3003285080",0
"3003740257",0
"3004338115",0
"3003556741",0
"3003196363",0
"3004262523",0
"3003430304",0
"3003382878",0
"3003613421",0
"3003225282",0
"3003169113",0
"3003734306",0
"3003223548",0
"3003670754",0
"3004254528",0
"3003297188",0
"2999563269",0
"3000025113",0
"3003754644",0
"3003889500",0
"3003519955",0
"3003159602",0
"3003586996",0
"3004288701",0
"3004075634",0.333333333333333
"3003736705",0
"3003475477",0.333333333333333
"3003747250",0
"3003255043",0
"3004346177",0
"3003315537",0
"3003250887",0
"3004224083",0
"3003529885",0
"3003243947",0
"3003305161",0
"3003542770",0
"3004017176",0
"3004020046",0
"3003208974",0
"3003651008",0
"3003304216",0
"3003802629",0
"3003213857",0
"3003660568",0
"3004411475",0
"3003442433",0
"3004111113",0
"3003829281",0
"3003623937",0
"3003955760",0
"3004279298",0
"3003443778",0
"3003248664",0
"3004086323",0
"3004342583",0
"3003436022",0
"3004076215",0
"3003896051",0
"3003755383",0
"3004123628",0
"3003801579",0
"3004047292",0
"3003499659",0
"3004399244",0
"3003294950",0
"3004257599",0
"3003901837",0
"3003707933",0
"3003575430",0
"3004123780",0
"3003224754",0
"3003740205",0
"3003578486",0
"3003528934",0
"3004052706",0
"2998860587",0
"3000249443",0
"2999672665",0
"3003246977",0
"3003641418",0
"3003566850",0
"3003249883",0
"3004304400",0
"3003883505",0
"3003412915",0
"3004191870",0
"3003987864",0
"3003930632",0
"3003291170",0
"3004123760",0
"3004096208",0
"3004238409",0
"3003185890",0
"3003997187",0
"3004117418",0
"3003993591",0
"3003604211",0
"3004272512",0
"3004214344",0
"3003801424",0
"3004344123",0
"3004022160",0
"3004070708",0
"3004256778",0
"3003813081",0
"3004260704",0
"3004342729",0
"3003781220",0
"3004106779",0
"3003378310",0
"3003518554",0
"3003578135",0
"3003962408",0
"3003612865",0
"3003755306",0
"3003181024",0
"3003368532",0
"3004115365",0
"3004021331",0
"3004131617",0
"3003761337",0
"3003464488",0
"3003876232",0
"3003864846",0
"3004403549",0
"3003393909",0
"3003341389",0
"3003343515",0
"3003467788",0
"3004063683",0
"3003350980",0
"3004036888",0
"3004275600",0
"3004274858",0
"3003422417",0
"3003604029",0
"3004466481",0
"3004516980",0
"3004792200",0
"3005499913",0
"3005487555",0
"3004626425",0
"3004708233",0
"3005319089",0
"3004537637",0
"3005263036",0
"3005300729",0
"3005424164",0
"3004813249",0
"3005410555",0
"3005447536",0
"3004501138",0
"3005440976",0
"3004650742",0
"3004926491",0
"3005034081",0
"3004765424",0
"3005352147",0
"3005015898",0
"3004454694",0
"3005260414",0
"3005004032",0
"3005321946",0
"3005003544",0
"3004754746",0
"3005482067",0
"3004530314",0
"3005019010",0
"3005022840",0
"3004603645",0
"3005158921",0
"3005074304",0
"3005120880",0
"3005319725",0
"3004894749",0
"3005108389",0
"3005240154",0
"3005500006",0
"3004737624",0
"3004519361",0
"3005241544",0
"3005349909",0
"3004940453",0
"3005346083",0
"3005332113",0
"3004987706",0
"3004847648",0
"3004657871",0
"3005238616",0
"3005030940",0
"3004988882",0
"3005342745",0
"3005370729",0
"3004979041",0
"3004476713",0
"3004932192",0
"3005464793",0
"3005210601",0
"3004775531",0
"3004629652",0
"3005310346",0
"3005362238",0
"3004439992",0
"3005328184",0
"3003231515",0
"3003161563",0
"3004385787",0
"3003611577",0
"3005258550",0
"3005234313",0
"3005423904",0
"3004463010",0
"3004634171",0
"3004713289",0
"3005325471",0
"3004819276",0
"3005238144",0
"3004897182",0
"3005383874",0
"3005069829",0
"3004623379",0
"3005292385",0
"3005470052",0
"3004948292",0
"3004444065",0
"2998421530",0
"2997014372",0
"3004828745",0
"3004655575",0
"3004424269",0
"3005431651",0
"3004590233",0
"3004575099",0
"3005037565",0
"3004428493",0
"3005258640",0
"3004810984",0
"3005231346",0
"3004714290",0
"2285015872",0
"3004805907",0
"3004433746",0
"343171996",0
"3005282346",0
"3004919498",0
"3004514834",0
"2998284326",0
"3004625765",0
"3004921134",0
"3005077794",0
"3004585362",0
"3004828203",0
"3004992488",0
"3005037180",0
"3005137454",0
"3004646281",0
"3004518306",0
"3005121870",0
"3004619925",0
"2999049408",0
"3000664846",0
"3005485656",0
"3005517659",0
"3005120496",0
"3004978356",0
"3004799041",0
"3005180176",0
"2998329082",0
"3004734346",0
"2997741636",0
"2996932690",0
"2998491374",0
"2998594435",0
"169598168",0
"3006183265",0
"3005696385",0
"3006347217",0
"3006394197",0
"3006005021",0
"2999868249",0
"3003925258",0
"3004395879",0
"3003346507",0
"3004346873",0
"3005658848",0
"3005962584",0
"3005698001",0
"3006323137",0
"3006443250",0
"3006449104",0
"3005840585",0
"3006571596",0
"3006211554",0
"3006072195",0
"3006652001",0
"3006001297",0
"3006650842",0
"3005552192",0
"3006113260",0
"3005671901",0
"3006585268",0
"3006175845",0
"3005929768",0
"3006250482",0
"3006342873",0
"3005646323",0
"3006299707",0
"3006418612",0
"3006179705",0
"3006479950",0
"3006490707",0
"3006130265",0
"3006364342",0
"3006343507",0
"3006671084",0
"3006029338",0
"3005765877",0
"3005591193",0
"3005589586",0
"3005620404",0
"3006019097",0
"3005922451",0
"3005583653",0
"3006374818",0
"3006360984",0
"3006137043",0
"3005953936",0
"3006165138",0
"3006049065",0
"3005572292",0
"3005571723",0
"3006463649",0
"3005562744",0
"3006550313",0
"3006408472",0
"3005606584",0
"3006450642",0
"3003377608",0
"3006154090",0
"3006577530",0
"3005793932",0
"3006254907",0
"3006666354",0
"3006464924",0
"3005809284",0
"3005950920",0
"3006287156",0
"3006462804",0
"3006439675",0
"3005743906",0
"3006238492",0
"3006373797",0
"3006259421",0
"3006644029",0
"3005764986",0
"3006010562",0
"3006272000",0
"3005938026",0
"3005585972",0
"3006297308",0
"3006270780",0
"3005768825",0
"3006464954",0
"3006065045",0
"3005658692",0
"3006267505",0
"3005900196",0
"3006422964",0
"3005983686",0
"2998658828",0
"3006003970",0
"3006480779",0
"3006519459",0
"3006484215",0
"3006351206",0
"3005699462",0
"3005681311",0
"3006574001",0
"3005822805",0
"3006264152",0
"3005725632",0
"3006419257",0
"3006363906",0
"3006631277",0
"3006077018",0
"3005539715",0
"3006058773",0
"3006549969",0
"3005779334",0
"3005541779",0
"3006259402",0
"3005698855",0
"3006169327",0
"3005768063",0
"3006071723",0
"3006350285",0
"3006206545",0
"3005803161",0
"3005655568",0
"3006583662",0
"3007915211",0
"3007611216",0
"3007808172",0
"3007566904",0
"3008831868",0
"3008859486",0
"3007273388",0
"3008226360",0
"3006974357",0
"3008883361",0
"3007776006",0
"3007316332",0
"3006800839",0
"3007440145",0
"3006731821",0
"3006892997",0
"2998596637",0
"3008351237",0
"2998380101",0
"3007359468",0
"3008306035",0
"3007271352",0
"3007568396",0
"3007181472",0
"3006965858",0
"3008787528",0
"3008876786",0
"3008913868",0
"3007680077",0
"3007477921",0
"3008337441",0
"3007974965",0
"3007559968",0
"3008294312",0
"3008729384",0
"3006884162",0
"3007339745",0
"3007454416",0
"3007462173",0
"3007702573",0
"3007046939",0
"3008917126",0
"3007674006",0
"3008066702",0
"3007162732",0
"3008152717",0
"3008489099",0
"3008041088",0
"3007476027",0
"3008101905",0
"3007098340",0
"3006814273",0
"3008462096",0
"3009005627",0
"3008436093",0
"3007682688",0
"3006952009",0
"3008374632",0
"3007953938",0
"3008901041",0
"3008653419",0
"3007581125",0
"3007585490",0
"3008025307",0
"3007674777",0
"3008553048",0
"3007247589",0
"3008574065",0
"3006751318",0
"3008652283",0
"3006708216",0
"3007257292",0
"3008030577",0
"3007755051",0
"3007116137",0
"3008201352",0
"3006880603",0
"3008095310",0
"3008782344",0
"3008949877",0
"3007885285",0
"3007597353",0
"3007652452",0
"3006712962",0
"3007015173",0
"3006817232",0
"3008826137",0
"3007255344",0
"3008375041",0
"3006825538",0
"3007737859",0
"3006885970",0
"3008995788",0
"3008432746",0
"3007138325",0
"3007680689",0
"3009018204",0
"3007879528",0
"3007646378",0
"3007730427",0
"3007901507",0
"3007244292",0
"3007317017",0
"3008689320",0
"3008277830",0
"3007486320",0
"3008464386",0
"3007332502",0
"3006769804",0
"3007033185",0
"3008257545",0
"3008751458",0
"3007479018",0
"3006986378",0
"3007785885",0
"3008251314",0
"3008240213",0
"3007929137",0
"3006917444",0
"1005744492",0
"2110010733",0
"17252502",0
"2947849856",0
"2250112016",0
"2024621201",0
"2139177686",0
"707607996",1705
"189137728",0
"2494104723",0
"2138703161",0
"2241451362",22
"2575217153",0
"2018313466",0
"1991617752",0
"2080198120",0
"2400164672",0
"1999864269",0
"2475439265",0
"54138486",0
"2141057301",3
"2011044364",0
"2165417507",0
"2685388300",0
"2127471636",0
"2097079620",0
"2595807783",0
"2033465446",0
"2434584172",0
"2503966811",0
"2892669962",0
"2602609944",0
"2476938860",0
"1940564560",0
"110635851",0
"2008726728",0
"2232911153",1705
"2124668569",0
"2749203917",0
"2581961543",6809
"294129211",0
"2162012049",0
"2149434754",0
"2090109395",0
"157622691",8946.02458330877
"2127568146",0
"2117954069",16
"1618661958",0
"2103195412",0
"2166302764",0
"1968913538",0
"2234290880",0
"217392467",6
"2159859483",0
"1515167117",0
"2111246749",0
"1923115076",0
"212974769",0
"2159479440",0
"2170213325",0
"2597148736",0
"2140202858",0
"1964412918",0
"284181640",0
"715021696",14710.9113929672
"2029568768",0
"2310148723",0
"2160067404",0
"2139110026",0
"339639820",0
"2147262100",0
"2892429210",0
"2557771536",0
"2133534449",0
"2538918524",0
"2268682802",0
"2900101305",0
"2106106941",0
"2252515433",0
"2253484844",0
"2807921807",0
"2121939561",0
"2100069631",0
"2119244895",0
"2309345389",0
"2139093703",0
"2110501006",279.081349352402
"1979308116",0
"86199990",1705
"2077020583",0.333333333333333
"298237991",1705
"233113500",0
"2170047861",0
"2060378757",8386.61360722609
"2964741150",0
"2717681412",0
"2250492455",0
"1826305781",0
"2295551607",0
"2736861629",0
"1900016303",233.485714285714
"2021237703",0
"2203547071",0
"2116964878",1
"2340558518",3408
"2494289239",0
"2092720519",0
"1926609319",0
"101938652",0
"2152055551",0
"698135892",0
"2113956430",0
"2030911775",0
"2636641374",0
"2112485679",0
"1980028159",0
"2353994366",0
"140902767",0
"2053015799",0
"690764203",0
"2074122035",0
"2171539438",1705
"24574532",0
"2147539308",0
"2301512059",0
"1108061751",0
"2806907591",8315.27283567222
"2163103719",54716.8739041892
"1858955830",3408
"2763416589",3
"275104047",0
"2463015438",0
"2442051071",0
"2057452903",0
"2973354719",0
"2130612383",8079.84438925356
"2160888527",0
"1960353634",0
"2953384126",1916.0718574655
"1979429815",5111
"2160207663",0
"1769445404",3408
"2596493028",0
"177152004",0
"2066676991",0
"2100031605",0
"2159184062",0
"2259421969",0
"2956939987",0
"80354510",0
"2138370184",0
"2950142527",0
"311375655",0
"2062380982",6788.18276246657
"2515692526",0
"2155100047",1705
"2426618940",0
"2444480957",0
"2271754566",8994.48764535341
"2166414215",0
"2467606255",0
"668877565",0
"810379359",10.5
"1690634799",0
"2034830207",18063.170188384
"2292250447",32529.9891666723
"2023117810",0
"2187581557",0.25
"2223724845",0
"2098684391",0
"1851593766",0
"2496948775",0
"1975245607",0
"2042301190",0
"1750916444",0
"2797013379",0
"2128007263",0
"2079635166",0
"2144120462",0
"1974613367",0
"2053498695",0
"18953175",28221.0247029585
"1562323604",0
"2095215669",0
"670306551",1703
"162253719",852
"2703468821",0
"2245962294",0
"2169650468",0
"2326532973",0
"2009916527",0
"2069409515",0
"2778106710",0
"2036040901",0
"2289692871",0
"2156018869",0
"681817647",0
"1936817391",1
"2036916526",0
"2138877871",0
"22608535",0
"2331300759",0
"249584749",0
"222220925",0
"1171453863",0
"1566711909",0
"80220757",0
"2776434807",6808
"2074111126",0
"2304140494",0
"88073587",0
"2260752381",0
"2642486666",0
"325318054",0
"1912135871",3409.08333333333
"2141377524",0
"1968325213",0
"2139667334",0
"2037745951",0
"2111119477",0
"1965389844",0
"2973751519",0
"2245055630",0
"2793714055",0
"2234508751",15.4598595848596
"2110255174",0
"2169342471",13656.7610873455
"2020781963",0
"2300098892",0
"1843239838",0
"702408767",0
"2127499438",0
"2162926207",0
"2503148589",0
"2155579207",0
"335924335",0
"1996125973",0
"2305755055",10207
"2326525546",0
"2163460710",10
"1678687871",0.333333333333333
"2412641895",0
"2130867717",0
"2103312511",0
"2010276254",1703
"2042571382",27
"2133983782",1
"2159837319",0
"356610775",0
"690712326",0
"2715690588",0
"2162369918",9706.40013024927
"2166424109",0
"2310298013",0
"1998419034",0
"2975840798",0
"68675087",0
"2230105407",0
"2404585823",0
"2120271510",0
"2151465254",0
"160571302",0
"2093064726",0
"2165788238",5556.74144967286
"2122351653",2320.36995066766
"2124737510",0
"2675341967",0
"1204403786",0
"2525715468",0
"2778121718",0
"337696751",0
"301130562",0
"1981906831",13591
"1999420837",0
"2641251726",0
"2129650006",0
"2107932047",0.5
"2306222383",1.5
"2189497679",0
"346504980",0
"2952287157",0.5
"19414955",0
"1845138038",0
"2219636482",0
"2084273741",0
"2148389542",0
"2511339495",0
"2482715602",0
"2064984895",0
"1977227655",0
"426874850",0
"2643646471",0
"2119604022",0.333333333333333
"724299231",0
"1547270637",0
"2342852903",0
"2147955261",0
"2147198474",0
"2104185790",16506.2905561849
"301147724",0
"2118619508",0
"2665567273",0
"2234963844",3
"2125950164",0
"2285338435",0
"214843718",0
"2138511764",0
"2122007671",5109
"2229253834",0
"2779740822",0
"2135960268",0
"2153799420",0
"2025659381",0
"2430877607",0
"2165111055",0
"321803145",0
"44897255",59
"225184724",1
"2098177479",0
"2110299510",0
"185126637",0
"2378943246",0
"2147542062",0
"2060802895",0
"2104818967",1
"2603447383",0
"307844215",0
"2636393897",0
"2108769517",0
"2064365222",0
"2702409756",0
"610644735",0
"241780900",0
"2503679655",0
"2096884534",25093.2754530814
"790286239",0
"2096859791",7202.95988987959
"2149169927",0
"2060257498",0
"2508242253",0
"677722270",0
"1948433388",0
"2468881279",0
"130468041",0
"2112978975",0
"2001132042",0
"2304684415",0
"2072292845",0
"2137814887",1705
"2102450877",0
"2086040183",0
"1856923607",0
"2061123877",0
"2022344949",0
"2048719660",0
"705532035",0
"2040402397",0
"275206382",0
"2041520510",0
"2129867074",0
"2158605397",0
"1979529494",0
"2037866308",0
"2142894599",0
"2310718375",0
"301283286",21011.1504038677
"2148328070",0
"1186584138",0
"2690665676",0
"2244170126",0
"356043702",0
"2676131900",0
"2064583791",0
"2069025853",0
"271970670",0
"2117045847",0
"2151014374",3398.39701410416
"2139070071",0
"1979212278",0
"76067242",0
"2137420063",0
"284605223",41
"11820511",0
"2131293038",2
"2464094287",0
"2811061677",0
"2271735767",0
"2136873871",0
"2119048711",0
"2106796750",0
"131186531",0
"2125714999",2553
"2103107599",0
"2152814967",0
"2160629322",0
"2055362182",0
"2692509684",0
"2036853455",0
"2274373789",0
"2495993006",0
"2137151277",0
"2023431847",0
"2150794366",6
"136888070",1705
"2124784654",0
"2070867630",0
"2704957012",0
"2192020951",0
"2703857575",0
"2468960519",82858.4512597994
"2656283669",0
"2128194479",5111.5
"2118732703",925.067079420107
"2167617533",0
"2519922951",0
"2169745382",0
"2238518855",0
"1994101758",0
"2073665791",0
"2114828967",0
"2722512390",0
"2788830591",0
"334704710",0
"2723044683",0
"2171585635",0
"2139473605",0
"1970912646",5646.01463421292
"2171972029",0
"2085132615",0
"2133456286",0
"2691349669",0
"2143118458",0
"2112909399",0
"2165121431",66
"100940550",0
"213569470",0
"1974264247",0
"60615692",4
"2206712854",716.512004399967
"2101434519",0
"2305923531",0
"180390461",0
"2056492599",0
"2267052854",0
"2562704775",0
"2007377374",0
"2952448667",0
"1908865110",0
"2463155667",0
"2143166727",0
"2305155066",0
"2171819543",0
"2128805647",0
"2142304111",0
"2164572878",0
"29782173",0
"2160652726",566.885657492363
"99546810",0
"2167134412",0
"2273225229",0
"2148605541",0
"1202501558",0
"1968152677",0
"1936310871",0
"2140989583",7384.07183612187
"2156275132",0
"1938834791",0
"2272890575",0
"2777047099",0
"2285060831",0
"987699708",0
"2025747773",0
"2070296011",0
"2030969935",0
"2213515591",24151.4560186633
"2283504173",0
"2192977571",0
"642242693",0
"2117834427",0
"2618702301",0
"2068231623",0
"1576801125",0
"1980182462",0
"2155100735",0
"2108305646",0
"173051279",0
"36172711",0
"2109712542",0
"2230960485",0
"281258493",0
"1204061966",6811
"2503927861",0
"512556102",0
"2467733054",0
"2003576574",0
"2949025389",0
"2096833007",0
"2683781446",0
"2260861727",0
"348962114",0
"2132798316",0
"51820894",567.000000000003
"2017001189",0
"1981931012",0
"1268247390",0
"2230469925",0
"2665135325",0
"2010564999",0
"2126535395",0
"2115216468",0
"149889958",0
"2054555191",0
"2232678820",0
"248929170",0
"2116269043",0
"2148329557",1705
"2770713813",0
"132303927",0
"115692453",0
"2150527135",19543.8645592747
"2155137863",0
"2109492991",0
"2234916941",0
"2050985371",0
"2166641447",0
"2780916045",0
"2786034926",0
"217033287",0
"2221583479",0
"2687353381",0
"2127467970",0
"2652508295",567.666666666653
"1974981292",0
"2003940724",0
"2779678143",0
"2141264876",0
"2005722486",0
"2187357847",0
"2136279029",0
"2431576252",0
"2706440653",0
"2255722903",0
"1409703486",0
"2108671403",0
"2205247755",0
"1967215861",0
"2291523643",0
"2112027886",0
"2114517990",0
"2570988788",0
"2936723753",0
"2699539735",0
"359084403",0
"2776390263",0
"2295314820",1705
"1821583461",0
"2984260471",0
"2974837910",8505
"2159323111",0
"274891381",1705
"729392644",0
"2442822222",0
"2170579254",0
"2080012343",0
"2663561990",0
"2157233933",0
"2129457005",0
"218991779",0
"2076709237",0
"319246674",0
"2307616684",0
"297118547",0
"1034661245",0
"1518321175",12215.7171528297
"22462999",0
"2100373868",0
"2028684692",0
"1698300791",0
"2274376713",0
"2809698391",0
"2304193703",0
"2023626662",0
"2279749166",0
"2121178374",0
"2042989500",0
"2126547671",0
"2989604263",0
"2146597443",0
"2144488289",0
"2762208036",0
"1973353635",0
"2096255779",0
"2464905998",34
"2112067655",0
"2124413231",0
"2276725173",0
"2789685315",0
"2163015493",0
"2113921589",0
"2172420533",0
"733215631",0
"2240102910",0
"85322476",0
"2056505999",0
"2146314810",0
"2173121741",0
"2136162111",0
"2059718117",0
"2687056350",0
"1519336086",1
"2168657702",0
"2138763645",0
"172506942",0
"2858415774",0
"2129721733",0
"2110012343",0
"2492446620",0
"2106185492",0
"2257300527",0
"111233263",0
"2149131086",0
"2342411767",0
"325195402",0
"2162548117",0
"1943880070",0
"2159033878",0
"1983607196",0
"2737870286",0
"2090445093",0
"2207613680",0
"1232115794",0
"1133076831",0
"130579581",0
"2146483039",2
"2150131303",9512.8917964881
"2106676007",0
"2780307773",0
"2942002724",0
"2009777195",0
"2211579681",0
"2130881427",0
"2106882380",0
"2035755270",0
"1982179918",0
"1804802447",0
"2137766957",0
"2169130470",0
"2120897639",1703
"2143067242",0
"1838844815",1705
"2124572662",0
"2096585231",0
"2618650798",0
"1973247951",0
"2308824398",0
"2184443428",0
"2303066735",0
"2240931319",0
"2110170743",0
"1968011823",22
"2277160431",0
"2112974599",0
"133767967",0
"2671023110",0
"2283138711",0
"2717986583",41479.9382242058
"2514783114",0
"2123646430",1
"2427490396",0
"2194953558",0
"2169901821",0
"1969582158",0
"2066665679",0
"1878631932",16903.2918695118
"2289425551",5109
"2492518227",0
"2103291335",0
"303470324",0
"271130660",0
"2042460623",0
"1528203563",0
"2527738285",0
"2153068454",2
"2158502238",0
"2127973671",0
"2084730534",0
"2147482671",2
"2043417111",0
"2646631743",0
"2507744390",0
"2508143703",0
"2056376007",0
"310552597",49
"2096074559",0
"2517189263",0
"2586042687",0
"2276040999",0
"2763322014",0
"2255666630",0
"2328658054",0
"2166897319",11907
"2562384559",0
"2559123702",0
"283404455",0
"2012438991",0
"132755437",0
"1993109115",0
"2156462086",0
"2224570189",0
"2144493081",0
"2110306966",0
"2120658950",0
"2124429467",0
"2246188215",0
"1973028108",0
"2112999452",0
"2803506069",0
"2973354483",0
"2310920583",0
"2460443462",0
"2153687383",0
"336691943",0
"2565660134",0
"2239304286",0
"2915079770",0
"2114963871",0
"2142932598",0
"2297353847",0
"2778630342",0
"2276383582",0
"2159151550",0
"1254631063",0
"2246122413",0
"2470180175",0
"2295188966",0
"2461744711",0
"2624280895",0
"2155395246",0
"1991881270",0
"2107302653",0
"127847919",0
"2061490430",0
"2731634396",0
"2960999342",0
"2103745572",0
"2171506303",0
"2628299646",0
"2509467199",0
"2522648935",4820.89951685417
"2250490518",0
"2089788309",0
"2514263958",0
"341386165",0
"2690795053",0
"2601901235",0
"2512298075",0
"2194266581",0
"1500202045",0
"2615464551",0
"2597470647",0
"2111416850",0
"2569540285",0
"2057169223",0
"2493846535",0
"1129598469",0
"2166106843",0
"2217240917",0
"2520453047",0
"1967546095",0
"921193823",0
"2202906174",0
"2421291343",0
"2950430255",0
"2306552789",0
"2143825425",0
"1995233068",0
"246682677",0
"1972582278",6808
"2115693077",0
"2562586815",3
"2889480581",0
"2956817615",0
"254299743",0
"2582306516",0
"2233407614",0
"1248235887",0
"2806643110",0
"2588127626",0
"246870902",0
"2419457631",3497.44886779886
"2119579135",0
"2638472150",0
"2161010623",0
"2064347415",8505.5
"2191467117",0
"2145501191",0
"2616891161",0
"171858395",0
"247755989",0
"2147735823",0
"2129419220",0
"2167451981",0
"2206329359",0
"2131173547",0
"2974056287",0
"166615085",0
"2149806870",39
"2127518709",0
"2162752662",0
"2167622574",0
"2040505518",6220.5552909835
"2137130951",710.713094188871
"2226908727",0
"2117973668",0
"2096029477",21.7666666666667
"2148066727",0
"2513967654",0
"2090128582",0
"2124657829",0
"1990967317",0
"2230162326",0
"2759288357",0
"157741918",0
"2981955167",0
"2190765948",0
"2132618373",0
"2514005620",0
"2167215437",0
"2225091742",0
"2116035271",0
"233778557",0
"2845362647",0
"2566716039",0
"2300391383",0
"2509566910",0
"2170877477",0
"2039642811",0
"2510445983",0
"2912264539",0
"2138105726",0
"2179953790",0
"2161096252",0
"2736174541",0
"2677817343",0
"2245984085",0
"2003165903",0
"2138143838",0
"2132843495",3408
"2674809806",0
"2721445647",1705
"2114681622",0
"2735411493",0
"107712532",0
"686710517",0
"2523121169",0
"2156135343",0
"2950981447",0
"40468588",0
"2509009661",0
"2342882263",0
"2468709295",0
"2429185046",0
"1990510348",0
"2573500036",0
"2619694662",0
"268224910",0
"2736168775",0
"2011097358",0
"2492098468",0
"2633193677",0
"2714525646",0
"1588082684",0
"2480652307",0
"1957495355",0
"2894208757",0
"2653071775",0
"343589990",0
"2249177550",0
"2893637270",0
"2124204011",0
"2788754926",0
"2012869677",0
"2329558743",0
"2490060940",0
"2596227982",0
"1896847774",0
"2665709515",0
"2111050734",0
"2076086827",0
"2149808126",0
"2765827269",0
"2911375054",0
"2256485367",0
"2097765390",0
"2789440419",0
"2927036637",0
"2884881583",0
"2288952527",0
"2109954189",0
"2945334787",0
"2115024503",0
"677882550",0
"203718687",0
"1967645246",0
"2951930751",0
"2949166917",0
"1896869548",0
"2272469598",0
"2496030954",0
"2236752208",0
"2111634167",847
"2337629383",0
"2158147406",0
"2109479463",0
"1867906727",0
"2567896390",0
"2868068429",0
"2083152071",0
"2550150095",0
"2192063591",0
"2714534221",0
"2951903414",0
"1981435375",0
"2514436695",0
"2566866839",0
"2165925962",0
"2963466309",0
"347299695",0
"2499706350",0
"2635422279",0
"2113907588",0
"2499278789",0
"2515221737",0
"1975101789",0
"2019021678",0
"2920841950",0
"2134311351",0
"2481352837",0
"1975391532",0
"1995029514",0
"2799003790",0
"2101625531",0
"1996300375",0
"2165099692",0
"2098954979",0
"2915776662",0
"2137701925",0
"2154645919",0
"2555697958",0
"2496674399",0
"2636838891",0
"1235527630",0
"2798491483",0
"2947126498",0
"2569034787",0
"2063882350",0
"2612850071",0
"2951906270",0
"2230740677",0
"2104242642",0
"2951344242",0
"2516765381",0
"2021550255",0
"2307673503",0
"2135781974",0.333333333333333
"2135900311",0
"2694231996",0
"2166076187",0
"274731230",0
"2100554498",0
"2128395613",0
"2339630063",0
"2783622431",0
"648491341",0
"2156584598",0
"2636488678",0
"751038373",2139.67973551875
"2902814862",0
"2513615559",0
"2473659101",0
"2089689750",0
"2022822378",0
"2670085759",3408
"2513271839",0
"2886654291",0
"2097487198",0
"2113496268",0
"2121806443",0
"2258284668",0
"2063469039",0
"2167742109",0
"2340386014",0
"2461661639",0
"2132230450",0
"2062010626",0
"2466053059",0
"2074073551",0
"2411903742",0
"2146456575",0
"2149965452",0
"2619714229",0
"2088212047",0
"2132213614",0
"2032985511",0
"2563364805",0
"2161271039",0
"2949446063",0
"2114965150",0
"2066815365",0
"2305404126",0
"2767407044",0
"2130077519",0
"36286238",0
"2479939765",0
"2127702799",0
"2105639671",0
"2250696243",0
"2771100375",0
"2154343788",0
"2963112317",0
"2461534181",0
"2116899972",0
"2556182031",0
"2049485335",0
"2278285518",0
"2139051431",0
"2096442172",0
"1964414006",0
"2120281063",0
"2216846583",0
"2963659654",0
"2726698932",0
"2961989214",0
"2566594447",0
"2565142550",0
"2964212153",0
"2115883070",0
"2550850099",0
"2792253846",0
"2424090063",0
"2164637126",0
"111559487",0
"2770853244",0
"2556322307",0
"2237481278",0
"2551874063",0
"2105751639",0
"1977830135",0
"2794062175",0
"2149933759",0
"2149514677",0
"1984316343",0
"2647320679",0
"2532918399",0
"2147911925",0
"2133242498",0
"2157308062",0
"2072017389",0
"56816398",0
"1843541295",0
"2981061102",0
"2669793351",0
"2735594999",0
"2533541678",0
"2425757054",0
"2782751502",0
"2050652438",0
"2282701359",0
"2142972299",0
"2997290223",0
"2996783796",0
"2998588837",0
"2998313879",0
"2998561901",0
"2997283375",0
"2998283268",0
"2997293853",0
"2996877479",0
"2997203095",0
"2998327446",0
"2998307823",0
"2997284964",0
"2998473581",0
"2996797014",0
"2998392909",0
"2998281479",0
"2997965374",1.33333333333333
"2998244660",0
"2998339501",0
"2998125874",0
"2998699484",0
"2997187231",0
"2996891805",0
"2998188807",0
"2997400030",0
"2998569367",0
"2998031382",0
"2996780997",0
"2997913764",0
"2998429411",0
"2998126510",0
"2997223559",0
"2997315719",0
"2998393495",0
"2997580915",0
"2997982014",0
"2997681310",0
"2997140574",0
"2997368134",0
"2997461942",0
"2997416511",1
"2996823878",0
"2998522913",0
"2997420703",0
"2997630887",0
"2998475004",0
"2998426852",0
"2997220898",0
"2998610670",0
"2998418622",0
"2997367556",0
"2997740316",0
"2997559998",0
"2998052260",0
"2998536468",0
"2997446478",0
"2998555531",0
"2998086860",0
"2997101335",0
"2997793167",0
"2997554772",0
"2997384334",0
"2997655015",0
"2998473070",0
"2997828460",0
"2998218183",0
"2997839654",0
"3000027543",0
"2999620315",0
"2998962645",0
"2998889132",0
"3000182622",0
"2999962522",0
"3000026389",0
"2998800483",0
"2999118236",0
"2999610646",0
"2999062166",0
"3000726413",0
"2999796275",0
"3000654782",0
"2998799094",0
"2999042063",0
"2999110375",0
"3000742484",0
"2999489157",0
"2998797083",0
"2998790534",0
"2999932365",0
"2999985151",0
"2999783583",0
"2998841103",0
"3000636301",0
"2999673276",0
"2999233178",0
"3000128014",0
"2999481686",0
"3000697685",0
"2999409695",0
"2999034620",0
"2998910918",0
"2999173676",0
"2999256197",3
"3000593860",0
"3000193702",0
"2998830167",0
"2999843015",0
"2999425415",0
"3000329991",0.666666666666667
"2999416084",0
"2999081607",0
"2999251439",0
"3000669631",0
"2999956229",0
"2998789174",0
"2999236990",0
"2999343066",0
"3000087068",0
"2999058002",0
"2999509589",0
"3000288183",0
"2998953343",0
"2999853622",0
"3001904053",0
"3001609742",0
"3001417910",0
"3001823167",0
"3001079555",0
"3001444782",0
"3000942871",0
"3002447559",0
"3002840261",0
"2997741610",0
"3003367221",0
"3003256407",0
"3003163933",0
"672946669",0
"3003664109",0
"3003680502",0
"3003848727",0
"3004085926",0
"3003691910",0
"3003828165",0
"3003463462",0
"3003914562",0
"3004308053",0
"3000239103",0
"3003384604",0
"3003733125",0
"3003951685",0
"3003695879",0
"3003376198",0.333333333333333
"3003434634",0
"3003898701",0
"3004138097",0
"3003209295",0
"3003376494",0
"3004312999",0
"3003627111",0
"3004232719",0
"3003403109",0
"3004098285",0
"3004290055",0
"3004160615",0
"3003902719",0
"3003954679",0
"3000705407",0
"3003824390",0
"3004333663",0
"3004391327",0
"3003242062",0
"3003490743",0
"3003620359",0
"3004203453",0
"3003708977",0
"3003851109",0
"3003206869",0
"3003455252",0
"3003402341",0
"3003622870",0
"3004158245",0
"3003308255",0
"3003967458",0
"3003650382",0
"3004264047",0
"3003854726",0
"3004268875",0
"3004005319",0
"3004383334",0
"3003739869",0
"3003758854",0
"3004207655",0
"2461368180",0
"3003557555",0
"3003946276",0
"3003730740",0
"3003432759",0
"3004910084",0
"3005240834",0
"3004598453",0
"3004888962",0
"3005380863",0
"3004585676",0
"3005236909",0
"3004588038",0
"3005167331",0
"3004665127",0
"3004694251",0
"3005259102",0
"3004668307",0
"3004813348",0
"3004855999",0
"3004725414",0
"3004749150",0
"3005099198",0
"3005339508",0
"3004974527",0
"3005177326",0
"3005088847",0
"3005109430",0
"3004749742",0
"3004565061",0
"3005478124",0
"3005219402",0
"3005235971",0
"3005159555",0
"3004751853",0
"3005201838",0
"3005339854",0
"3004477711",0
"3004146101",0
"3004866991",0
"3004952206",0
"3005380660",0
"3005162959",0
"3004989398",0
"3004592039",0
"3004745670",0
"3005177182",0
"2997096390",0
"3005366575",0
"3005184606",0
"3005417262",0
"3005304794",0
"3005260143",0
"3005191613",0
"3005200695",0
"3004991125",0
"3004609054",0
"3004950095",0
"3005089646",0
"3004486815",0
"3000646527",0
"3005233255",0
"3005057219",0
"3004670703",0
"2170892963",0
"3005791685",0
"3006244089",0
"3005698062",0
"3004194179",0
"3006602215",0
"3005752756",0
"3005994956",0
"3006135917",0
"3006424381",0
"3005931614",0
"3006578605",0
"3006114494",0
"3006179868",0
"3005782388",0
"3006626223",0
"3006362806",0
"3006301531",0
"3006283157",0
"3006548012",0
"3006578340",0
"3005858823",0
"3005536191",0
"3006298695",0
"3005997143",0
"3006592679",0
"3006328124",0
"3006211495",0
"3005919885",0
"3005729806",0
"3006442490",0
"3006463114",0
"3005830502",0
"3005679867",0
"3005710362",0
"3006079642",0
"3005837908",0
"3006594844",0
"3005760759",0
"3006048229",0
"3005577077",0
"3006066215",0
"3005846733",0
"3005775470",0
"3006400157",0
"3006405909",0
"3005866999",0
"3005682126",0
"3006375143",0
"3006111274",0
"3005562454",0
"3006274852",0
"3005792654",0
"3006502127",0
"3006599438",0
"3006346263",0
"3005896015",0
"3006495969",0
"3005749795",0
"3006494698",0
"3006521308",0
"3006336727",0
"3006514455",0
"3006220351",0
"3006443997",0
"3005614895",0
"3005553119",0
"3007301231",0
"3008727103",0
"3006929228",0
"3008484896",0
"3008949535",0
"3007219030",0
"3008816559",0
"2997332334",0
"3008904711",0
"3007742374",0
"3007941943",0
"3007458079",0
"3007087590",0
"3007034596",0
"3007872971",0
"3008040350",0
"3007808943",0
"3007512485",0
"3007173454",0
"3008843111",0
"3008388262",0
"3007057418",0
"3007359239",0
"3006963303",0
"3007597103",0
"3006824990",0
"3007754565",0
"3008925454",0
"3008476823",0
"3008041286",0
"3006770429",0
"3007447543",0
"3008281502",0
"3006821191",0
"3007902477",0
"3006711325",0
"3009012093",0
"3007458181",0
"3007239485",0
"3008352407",0
"3008711547",0
"3007638822",0
"3009009871",0
"3007185614",0
"3008141998",0
"3008450076",0
"3006798294",0
"3007603172",0
"3008388903",0
"3007154780",0
"3007383362",0
"3008584254",0
"3008955974",0
"3007368670",0
"2038996327",0
"2098025727",0
"2104129307",0
"2038385867",0
"2155193350",0
"2154201502",0
"2341762813",0
"2238003269",0
"340253981",0
"2130111494",0
"2629132965",0
"2011562607",0
"2334436406",0
"2923385092",0
"2677425751",0
"2227214366",0
"2008191158",0
"2101365550",0
"2155983567",0
"2917479589",0
"2268735087",0
"2807782151",0
